[
  {
    "id": "c5c5c0a4-ff40-4f44-8f79-b619468b0671",
    "data": [
      {
        "text": "another one",
        "userDefined": false
      }
    ],
    "isTemplate": false,
    "count": 0,
    "updated": 1521224969
  },
  {
    "id": "ff4550d3-e67b-4565-b38b-decd3863cf4c",
    "data": [
      {
        "text": "following result",
        "userDefined": false
      }
    ],
    "isTemplate": false,
    "count": 0,
    "updated": 1521224969
  },
  {
    "id": "9f612f2a-4ce0-4a76-99d9-032db39f5725",
    "data": [
      {
        "text": "read the next results",
        "userDefined": false
      }
    ],
    "isTemplate": false,
    "count": 0,
    "updated": 1521224969
  },
  {
    "id": "06f8d54a-714e-4b56-a7fc-09568d0d512a",
    "data": [
      {
        "text": "switch to the next",
        "userDefined": false
      }
    ],
    "isTemplate": false,
    "count": 0,
    "updated": 1521224969
  },
  {
    "id": "f0951f97-1db6-48ce-8f8b-6af97dfcaa4c",
    "data": [
      {
        "text": "show me next",
        "userDefined": false
      }
    ],
    "isTemplate": false,
    "count": 0,
    "updated": 1521224969
  },
  {
    "id": "4caaa918-8fa1-47ee-b568-3f047c0ba178",
    "data": [
      {
        "text": "next",
        "userDefined": false
      }
    ],
    "isTemplate": false,
    "count": 0,
    "updated": 1521224969
  },
  {
    "id": "e77c6626-a0d5-4670-833b-169a0749fc92",
    "data": [
      {
        "text": "go forward",
        "userDefined": false
      }
    ],
    "isTemplate": false,
    "count": 0,
    "updated": 1521224969
  },
  {
    "id": "65267343-b85b-4f2d-9662-5999a7544821",
    "data": [
      {
        "text": "show me the following results",
        "userDefined": false
      }
    ],
    "isTemplate": false,
    "count": 0,
    "updated": 1521224969
  }
]