[
  {
    "id": "f98efc4a-a5cd-4c56-8838-8be97a8172d1",
    "data": [
      {
        "text": "What kind of movie is this?",
        "userDefined": false
      }
    ],
    "isTemplate": false,
    "count": 0,
    "updated": 1521257592
  },
  {
    "id": "d874f169-0c3f-45cd-84cc-ce37bafd172d",
    "data": [
      {
        "text": "What type is it?",
        "userDefined": false
      }
    ],
    "isTemplate": false,
    "count": 0,
    "updated": 1521257592
  },
  {
    "id": "6dba496e-1b03-4428-a1be-acbdf462ba6e",
    "data": [
      {
        "text": "What type is this movie?",
        "userDefined": false
      }
    ],
    "isTemplate": false,
    "count": 0,
    "updated": 1521257592
  },
  {
    "id": "687bf2e9-cbef-4ab2-ace2-1c1203133b43",
    "data": [
      {
        "text": "What ",
        "userDefined": false
      },
      {
        "text": "genre",
        "meta": "@sys.ignore",
        "userDefined": false
      },
      {
        "text": " is this?",
        "userDefined": false
      }
    ],
    "isTemplate": false,
    "count": 0,
    "updated": 1521257592
  },
  {
    "id": "060acb37-e210-40d7-be0d-6b42b44c2f73",
    "data": [
      {
        "text": "Tell me the type of this movie",
        "userDefined": false
      }
    ],
    "isTemplate": false,
    "count": 0,
    "updated": 1521257592
  },
  {
    "id": "f06a0fbe-f39a-4052-8868-36666e7d9b88",
    "data": [
      {
        "text": "What is the type of this movie?",
        "userDefined": false
      }
    ],
    "isTemplate": false,
    "count": 0,
    "updated": 1521257592
  },
  {
    "id": "0fd7967f-7c65-417f-b57a-e0aecc42d79b",
    "data": [
      {
        "text": "This movie is what kind?",
        "userDefined": false
      }
    ],
    "isTemplate": false,
    "count": 0,
    "updated": 1521257592
  },
  {
    "id": "48956d0f-a178-4d52-b7e5-78289384f30f",
    "data": [
      {
        "text": "I want to know the genre",
        "userDefined": false
      }
    ],
    "isTemplate": false,
    "count": 0,
    "updated": 1521238376
  },
  {
    "id": "f3fd4ae2-eda7-489f-94f8-0021dd6be243",
    "data": [
      {
        "text": "Tell me the genre of it",
        "userDefined": false
      }
    ],
    "isTemplate": false,
    "count": 0,
    "updated": 1521238376
  },
  {
    "id": "77f6e26b-77ef-4906-a552-6d770ba1d50e",
    "data": [
      {
        "text": "Genre of this movie",
        "userDefined": false
      }
    ],
    "isTemplate": false,
    "count": 0,
    "updated": 1521238376
  }
]