[
  {
    "id": "4a038444-f09f-4776-9c6f-27d7ae5a84db",
    "data": [
      {
        "text": "I want to hear a line from ",
        "userDefined": false
      },
      {
        "text": "Titanic",
        "alias": "movie-title",
        "meta": "@sys.any",
        "userDefined": true
      }
    ],
    "isTemplate": false,
    "count": 0,
    "updated": 1521263102
  },
  {
    "id": "6d578885-4044-4f7f-bdc6-7ad0dab93b90",
    "data": [
      {
        "text": "Give me a famous quote from ",
        "userDefined": false
      },
      {
        "text": "Batman",
        "alias": "movie-title",
        "meta": "@sys.any",
        "userDefined": true
      }
    ],
    "isTemplate": false,
    "count": 0,
    "updated": 1521263102
  },
  {
    "id": "fd0496ac-d63d-4483-885c-a872714a2b8a",
    "data": [
      {
        "text": "A quote from ",
        "userDefined": false
      },
      {
        "text": "Jumanji",
        "alias": "movie-title",
        "meta": "@sys.any",
        "userDefined": true
      }
    ],
    "isTemplate": false,
    "count": 0,
    "updated": 1521236839
  },
  {
    "id": "59382783-8dd8-4e9e-ae59-95f703bb556c",
    "data": [
      {
        "text": "Tell me a line from ",
        "userDefined": false
      },
      {
        "text": "Superman",
        "alias": "movie-title",
        "meta": "@sys.any",
        "userDefined": true
      }
    ],
    "isTemplate": false,
    "count": 0,
    "updated": 1521209299
  },
  {
    "id": "13f30033-5464-45f1-a0b0-816172851392",
    "data": [
      {
        "text": "What is a famous line from ",
        "userDefined": false
      },
      {
        "text": "Deadpool",
        "alias": "movie-title",
        "meta": "@sys.any",
        "userDefined": true
      }
    ],
    "isTemplate": false,
    "count": 0,
    "updated": 1521209299
  },
  {
    "id": "6aa6ffbb-8a2f-47f3-ba25-5ef2ef65c67c",
    "data": [
      {
        "text": "Tell me a quote from ",
        "userDefined": false
      },
      {
        "text": "Spiderman",
        "alias": "movie-title",
        "meta": "@sys.any",
        "userDefined": true
      }
    ],
    "isTemplate": false,
    "count": 0,
    "updated": 1521209299
  }
]