[
  {
    "id": "f7707271-8066-4a00-bebb-ef81dd696c90",
    "data": [
      {
        "text": "I want to know who is the director of the movie ",
        "userDefined": false
      },
      {
        "text": "Hellboy",
        "alias": "movie-title",
        "meta": "@sys.any",
        "userDefined": true
      }
    ],
    "isTemplate": false,
    "count": 0,
    "updated": 1521259862
  },
  {
    "id": "d0bc6a7c-bb7a-403c-b170-bda67fc751f9",
    "data": [
      {
        "text": "I want to know who is the director of ",
        "userDefined": false
      },
      {
        "text": "Snatch",
        "alias": "movie-title",
        "meta": "@sys.any",
        "userDefined": true
      }
    ],
    "isTemplate": false,
    "count": 0,
    "updated": 1521259862
  },
  {
    "id": "95746667-c5e0-490e-b0d7-62d44b67f01a",
    "data": [
      {
        "text": "I want to know who are the directors of the movie ",
        "userDefined": false
      },
      {
        "text": "Frozen",
        "alias": "movie-title",
        "meta": "@sys.any",
        "userDefined": true
      }
    ],
    "isTemplate": false,
    "count": 0,
    "updated": 1521259862
  },
  {
    "id": "97be67f3-396b-47d2-badf-a1f614ce647d",
    "data": [
      {
        "text": "I want to know who are the directors of ",
        "userDefined": false
      },
      {
        "text": "Rogue One",
        "alias": "movie-title",
        "meta": "@sys.any",
        "userDefined": true
      }
    ],
    "isTemplate": false,
    "count": 0,
    "updated": 1521259862
  },
  {
    "id": "6829e31b-7ee0-4fd4-8846-1e0ac2c0489e",
    "data": [
      {
        "text": "Tell me the directors of the movie ",
        "userDefined": false
      },
      {
        "text": "Top gun",
        "alias": "movie-title",
        "meta": "@sys.any",
        "userDefined": true
      }
    ],
    "isTemplate": false,
    "count": 0,
    "updated": 1521259862
  },
  {
    "id": "d3274bee-33ee-4da0-9b9f-3bcd14074ee1",
    "data": [
      {
        "text": "Who directed ",
        "userDefined": false
      },
      {
        "text": "The Hobbit",
        "alias": "movie-title",
        "meta": "@sys.any",
        "userDefined": true
      },
      {
        "text": "?",
        "userDefined": false
      }
    ],
    "isTemplate": false,
    "count": 0,
    "updated": 1521259862
  },
  {
    "id": "493f247f-67dd-49e1-ba23-502c7f9211c8",
    "data": [
      {
        "text": "Who directed the movie ",
        "userDefined": false
      },
      {
        "text": "Lord of the rings",
        "alias": "movie-title",
        "meta": "@sys.any",
        "userDefined": true
      },
      {
        "text": "?",
        "userDefined": false
      }
    ],
    "isTemplate": false,
    "count": 0,
    "updated": 1521259862
  },
  {
    "id": "c33ba2b4-16f4-47b7-a7d2-8fe92db1a724",
    "data": [
      {
        "text": " Who is the director of the movie ",
        "userDefined": false
      },
      {
        "text": "Hulk",
        "alias": "movie-title",
        "meta": "@sys.any",
        "userDefined": true
      },
      {
        "text": "?",
        "userDefined": false
      }
    ],
    "isTemplate": false,
    "count": 0,
    "updated": 1521257875
  },
  {
    "id": "1e6d2887-b6c3-4862-806c-a40ad140d3aa",
    "data": [
      {
        "text": "Who are the directors of the movie ",
        "userDefined": false
      },
      {
        "text": "Green hornet",
        "alias": "movie-title",
        "meta": "@sys.any",
        "userDefined": true
      },
      {
        "text": "?",
        "userDefined": false
      }
    ],
    "isTemplate": false,
    "count": 0,
    "updated": 1521259862
  },
  {
    "id": "d732f072-f770-454c-90db-f9417df9d0c2",
    "data": [
      {
        "text": "I want to know the directors of ",
        "userDefined": false
      },
      {
        "text": "Titanic",
        "alias": "movie-title",
        "meta": "@sys.any",
        "userDefined": true
      }
    ],
    "isTemplate": false,
    "count": 0,
    "updated": 1521237489
  },
  {
    "id": "45924571-249c-44ff-9ac3-edf7ec8825a4",
    "data": [
      {
        "text": "Who are the creators of ",
        "userDefined": false
      },
      {
        "text": "Deadpool",
        "alias": "movie-title",
        "meta": "@sys.any",
        "userDefined": true
      }
    ],
    "isTemplate": false,
    "count": 0,
    "updated": 1521257875
  },
  {
    "id": "13fff39b-de10-45cb-93cf-e34df992dbfc",
    "data": [
      {
        "text": "Tell me the directors of ",
        "userDefined": false
      },
      {
        "text": "Spiderman",
        "alias": "movie-title",
        "meta": "@sys.any",
        "userDefined": true
      }
    ],
    "isTemplate": false,
    "count": 0,
    "updated": 1521237489
  }
]