[
  {
    "id": "c3bd7b92-f7b0-4a25-882c-c34a50edd099",
    "data": [
      {
        "text": "Who are the actors in ",
        "userDefined": false
      },
      {
        "text": "War of the worlds",
        "alias": "movie-title",
        "meta": "@sys.any",
        "userDefined": true
      }
    ],
    "isTemplate": false,
    "count": 0,
    "updated": 1521271494
  },
  {
    "id": "ba4f1c64-d418-451c-b594-c8fc0af22689",
    "data": [
      {
        "text": "Actors that play in the movie ",
        "userDefined": false
      },
      {
        "text": "Pan\u0027s labyrinth",
        "alias": "movie-title",
        "meta": "@sys.any",
        "userDefined": true
      }
    ],
    "isTemplate": false,
    "count": 0,
    "updated": 1521258861
  },
  {
    "id": "614b3322-da05-405c-85d1-663e9a379a89",
    "data": [
      {
        "text": "Actors that play in ",
        "userDefined": false
      },
      {
        "text": "Frenzy",
        "alias": "movie-title",
        "meta": "@sys.any",
        "userDefined": true
      }
    ],
    "isTemplate": false,
    "count": 0,
    "updated": 1521258861
  },
  {
    "id": "b055ca47-ef6e-437f-8402-540795290b44",
    "data": [
      {
        "text": "Which actors are in the cast of ",
        "userDefined": false
      },
      {
        "text": "Lego movie",
        "alias": "movie-title",
        "meta": "@sys.any",
        "userDefined": true
      }
    ],
    "isTemplate": false,
    "count": 0,
    "updated": 1521271494
  },
  {
    "id": "67af4452-4111-4f4e-932f-b67ebf37a3c0",
    "data": [
      {
        "text": "Tell me who is in the cast of the movie ",
        "userDefined": false
      },
      {
        "text": "500 days of summer",
        "alias": "movie-title",
        "meta": "@sys.any",
        "userDefined": true
      }
    ],
    "isTemplate": false,
    "count": 0,
    "updated": 1521258861
  },
  {
    "id": "f4df83c0-645e-4cba-9191-1787ff837425",
    "data": [
      {
        "text": "What actors play in the movie ",
        "userDefined": false
      },
      {
        "text": "Fast and furious",
        "alias": "movie-title",
        "meta": "@sys.any",
        "userDefined": true
      }
    ],
    "isTemplate": false,
    "count": 0,
    "updated": 1521271494
  },
  {
    "id": "77384cc4-e01d-4dd0-9a38-3cf4010c70d2",
    "data": [
      {
        "text": "Tell me what is the cast of ",
        "userDefined": false
      },
      {
        "text": "Speed",
        "alias": "movie-title",
        "meta": "@sys.any",
        "userDefined": true
      }
    ],
    "isTemplate": false,
    "count": 0,
    "updated": 1521258861
  },
  {
    "id": "67ae31bd-07d8-4ce8-a9d8-922ba13a9a2e",
    "data": [
      {
        "text": "That is the cast for the movie ",
        "userDefined": false
      },
      {
        "text": "Jumanji",
        "alias": "movie-title",
        "meta": "@sys.any",
        "userDefined": true
      }
    ],
    "isTemplate": false,
    "count": 0,
    "updated": 1521271494
  },
  {
    "id": "6158420d-3d33-4fad-93b3-cb4cd2a74c5a",
    "data": [
      {
        "text": "Tell me the cast of ",
        "userDefined": false
      },
      {
        "text": "The Avengers",
        "alias": "movie-title",
        "meta": "@sys.any",
        "userDefined": true
      }
    ],
    "isTemplate": false,
    "count": 0,
    "updated": 1521236840
  },
  {
    "id": "fa1312bb-f6d6-45a2-a011-94ea26e4f3ca",
    "data": [
      {
        "text": "What actors play in ",
        "userDefined": false
      },
      {
        "text": "Titanic",
        "alias": "movie-title",
        "meta": "@sys.any",
        "userDefined": true
      }
    ],
    "isTemplate": false,
    "count": 0,
    "updated": 1521236840
  },
  {
    "id": "7898efb6-42cd-4a25-84c3-8b9dc48e2ec5",
    "data": [
      {
        "text": "What is the cast for ",
        "userDefined": false
      },
      {
        "text": "Superman",
        "alias": "movie-title",
        "meta": "@sys.any",
        "userDefined": true
      }
    ],
    "isTemplate": false,
    "count": 0,
    "updated": 1521236840
  },
  {
    "id": "fa9965df-5b74-4027-9a78-fa930fd38e9a",
    "data": [
      {
        "text": "Show me the cast of ",
        "userDefined": false
      },
      {
        "text": "Deadpool",
        "alias": "movie-title",
        "meta": "@sys.any",
        "userDefined": true
      }
    ],
    "isTemplate": false,
    "count": 0,
    "updated": 1521236840
  }
]