[
  {
    "id": "563c6f94-a066-423a-80ba-adbfa338a1c8",
    "data": [
      {
        "text": "What is the release date for ",
        "userDefined": false
      },
      {
        "text": "Deadpool",
        "alias": "movie-title",
        "meta": "@sys.any",
        "userDefined": true
      }
    ],
    "isTemplate": false,
    "count": 0,
    "updated": 1521275279
  },
  {
    "id": "4a9d4e36-954a-4a47-8fee-7aa8f5d0c019",
    "data": [
      {
        "text": "What is the release date of the movie ",
        "userDefined": false
      },
      {
        "text": "Star Trek",
        "alias": "movie-title",
        "meta": "@sys.any",
        "userDefined": true
      }
    ],
    "isTemplate": false,
    "count": 0,
    "updated": 1521275279
  },
  {
    "id": "c5e6acc4-5bc1-4a6d-87c3-6881c96ff0f7",
    "data": [
      {
        "text": "What is the release date of the movie ",
        "userDefined": false
      },
      {
        "text": "Star Wars",
        "alias": "movie-title",
        "meta": "@sys.any",
        "userDefined": true
      }
    ],
    "isTemplate": false,
    "count": 0,
    "updated": 1521275279
  },
  {
    "id": "f7cd1b49-3daf-4073-9529-397fb6113719",
    "data": [
      {
        "text": "I want to know the release date of the movie ",
        "userDefined": false
      },
      {
        "text": "Goodfellas",
        "alias": "movie-title",
        "meta": "@sys.any",
        "userDefined": true
      }
    ],
    "isTemplate": false,
    "count": 0,
    "updated": 1521243379
  },
  {
    "id": "7037bb11-0474-4da2-b216-5146835e4d55",
    "data": [
      {
        "text": "When did the movie ",
        "userDefined": false
      },
      {
        "text": "Secret window",
        "alias": "movie-title",
        "meta": "@sys.any",
        "userDefined": true
      },
      {
        "text": " appear?",
        "userDefined": false
      }
    ],
    "isTemplate": false,
    "count": 0,
    "updated": 1521243379
  },
  {
    "id": "00b95d78-5e40-4b69-9602-c88e78c6346b",
    "data": [
      {
        "text": "Year when the movie ",
        "userDefined": false
      },
      {
        "text": "Save private Ryan",
        "alias": "movie-title",
        "meta": "@sys.any",
        "userDefined": true
      },
      {
        "text": " was released",
        "userDefined": false
      }
    ],
    "isTemplate": false,
    "count": 0,
    "updated": 1521243379
  },
  {
    "id": "5ff2e5f4-98a1-45b9-87ed-6b617567acb5",
    "data": [
      {
        "text": "Tell me the release date for the movie ",
        "userDefined": false
      },
      {
        "text": "Transformers",
        "alias": "movie-title",
        "meta": "@sys.any",
        "userDefined": true
      }
    ],
    "isTemplate": false,
    "count": 0,
    "updated": 1521243379
  },
  {
    "id": "0143ce5f-9eee-490d-b080-8ddb4ece69b7",
    "data": [
      {
        "text": "When was the movie ",
        "userDefined": false
      },
      {
        "text": "Tarzan",
        "alias": "movie-title",
        "meta": "@sys.any",
        "userDefined": true
      },
      {
        "text": " released?",
        "userDefined": false
      }
    ],
    "isTemplate": false,
    "count": 0,
    "updated": 1521243379
  },
  {
    "id": "036df9fe-6bb6-40d2-8d68-99e501bfd897",
    "data": [
      {
        "text": "When did the movie ",
        "userDefined": false
      },
      {
        "text": "Jurassic Park",
        "alias": "movie-title",
        "meta": "@sys.any",
        "userDefined": true
      },
      {
        "text": " appear?",
        "userDefined": false
      }
    ],
    "isTemplate": false,
    "count": 0,
    "updated": 1521243379
  },
  {
    "id": "e98a9370-b57e-489a-8284-63181e91f6c5",
    "data": [
      {
        "text": "What is the release year of the movie ",
        "userDefined": false
      },
      {
        "text": "Shrek",
        "alias": "movie-title",
        "meta": "@sys.any",
        "userDefined": true
      }
    ],
    "isTemplate": false,
    "count": 0,
    "updated": 1521275279
  },
  {
    "id": "9c5fb3ca-7eca-4e43-b8b5-78d7c0443709",
    "data": [
      {
        "text": "When did the movie ",
        "userDefined": false
      },
      {
        "text": "Rambo",
        "alias": "movie-title",
        "meta": "@sys.any",
        "userDefined": true
      },
      {
        "text": " appear?",
        "userDefined": false
      }
    ],
    "isTemplate": false,
    "count": 0,
    "updated": 1521243379
  },
  {
    "id": "b533dca9-fe25-45f9-91c3-dbbe8121e1d4",
    "data": [
      {
        "text": "What is the release date of ",
        "userDefined": false
      },
      {
        "text": "Ice Age",
        "alias": "movie-title",
        "meta": "@sys.any",
        "userDefined": true
      },
      {
        "text": "?",
        "userDefined": false
      }
    ],
    "isTemplate": false,
    "count": 0,
    "updated": 1521243379
  },
  {
    "id": "fb0f5100-6f60-4201-8aab-f245311b262a",
    "data": [
      {
        "text": "What is the release year of ",
        "userDefined": false
      },
      {
        "text": "Gladiator",
        "alias": "movie-title",
        "meta": "@sys.any",
        "userDefined": true
      },
      {
        "text": "?",
        "userDefined": false
      }
    ],
    "isTemplate": false,
    "count": 0,
    "updated": 1521243379
  },
  {
    "id": "ca5a0cad-1d6e-4f00-8a06-bab916768c97",
    "data": [
      {
        "text": "I want to know the release date of ",
        "userDefined": false
      },
      {
        "text": "The Avengers",
        "alias": "movie-title",
        "meta": "@sys.any",
        "userDefined": true
      }
    ],
    "isTemplate": false,
    "count": 0,
    "updated": 1521243379
  },
  {
    "id": "b3c492e2-fde1-4753-8953-1a01c32dcd86",
    "data": [
      {
        "text": "When did ",
        "userDefined": false
      },
      {
        "text": "Superman",
        "alias": "movie-title",
        "meta": "@sys.any",
        "userDefined": true
      },
      {
        "text": " appear?",
        "userDefined": false
      }
    ],
    "isTemplate": false,
    "count": 0,
    "updated": 1521243379
  },
  {
    "id": "ee3bf48e-c6f8-4e71-9979-1a5ce26635e5",
    "data": [
      {
        "text": "Year when ",
        "userDefined": false
      },
      {
        "text": "Titanic",
        "alias": "movie-title",
        "meta": "@sys.any",
        "userDefined": true
      },
      {
        "text": " was released",
        "userDefined": false
      }
    ],
    "isTemplate": false,
    "count": 0,
    "updated": 1521243379
  },
  {
    "id": "1980ba90-f4c8-47ca-838a-1c15edbfd5ef",
    "data": [
      {
        "text": "Tell me the release date for ",
        "userDefined": false
      },
      {
        "text": "Deadpool",
        "alias": "movie-title",
        "meta": "@sys.any",
        "userDefined": true
      }
    ],
    "isTemplate": false,
    "count": 0,
    "updated": 1521243379
  },
  {
    "id": "d7d11fab-4978-41e1-9518-f5d8e29ca17b",
    "data": [
      {
        "text": "When was ",
        "userDefined": false
      },
      {
        "text": "Superman",
        "alias": "movie-title",
        "meta": "@sys.any",
        "userDefined": true
      },
      {
        "text": " released?",
        "userDefined": false
      }
    ],
    "isTemplate": false,
    "count": 0,
    "updated": 1521243379
  }
]