[
  {
    "id": "1e690ff5-f014-47bb-b9a6-5d15ddcaf892",
    "data": [
      {
        "text": "What is the movie type of ",
        "userDefined": false
      },
      {
        "text": "Jumanji",
        "alias": "movie-title",
        "meta": "@sys.any",
        "userDefined": true
      }
    ],
    "isTemplate": false,
    "count": 0,
    "updated": 1521271184
  },
  {
    "id": "515ddeba-94a3-40c0-a747-f2d78d06a4ef",
    "data": [
      {
        "text": "What type of movie is ",
        "userDefined": false
      },
      {
        "text": "Connan",
        "alias": "movie-title",
        "meta": "@sys.any",
        "userDefined": true
      }
    ],
    "isTemplate": false,
    "count": 0,
    "updated": 1521271184
  },
  {
    "id": "e52143c2-ba2b-4c5c-a830-629dbed0a1b9",
    "data": [
      {
        "text": "What kind of movie is ",
        "userDefined": false
      },
      {
        "text": "Baywatch",
        "alias": "movie-title",
        "meta": "@sys.any",
        "userDefined": true
      }
    ],
    "isTemplate": false,
    "count": 0,
    "updated": 1521271184
  },
  {
    "id": "851aedde-ea90-4b4e-8ce4-19e30e025b5d",
    "data": [
      {
        "text": "What is the genre of ",
        "userDefined": false
      },
      {
        "text": "Ghost busters",
        "alias": "movie-title",
        "meta": "@sys.any",
        "userDefined": true
      }
    ],
    "isTemplate": false,
    "count": 0,
    "updated": 1521271184
  },
  {
    "id": "85f44b7d-08bd-4221-a294-67e94056d0d2",
    "data": [
      {
        "text": "Genre of ",
        "userDefined": false
      },
      {
        "text": "Titanic",
        "alias": "movie-title",
        "meta": "@sys.any",
        "userDefined": true
      }
    ],
    "isTemplate": false,
    "count": 0,
    "updated": 1521238172
  },
  {
    "id": "84e7d8ba-8b13-4fcf-8676-b238218fe34e",
    "data": [
      {
        "text": "Tell me the genre of ",
        "userDefined": false
      },
      {
        "text": "Superman",
        "alias": "movie-title",
        "meta": "@sys.any",
        "userDefined": true
      }
    ],
    "isTemplate": false,
    "count": 0,
    "updated": 1521238172
  },
  {
    "id": "a25630e5-e204-44b9-bf23-0454ab1c855d",
    "data": [
      {
        "text": "What genre is ",
        "userDefined": false
      },
      {
        "text": "Deadpool",
        "alias": "movie-title",
        "meta": "@sys.any",
        "userDefined": true
      }
    ],
    "isTemplate": false,
    "count": 0,
    "updated": 1521238172
  }
]