[
  {
    "id": "d11941fc-ed8a-4b94-92f1-d4acefd44ed5",
    "data": [
      {
        "text": "how about another one?",
        "userDefined": false
      }
    ],
    "isTemplate": false,
    "count": 0,
    "updated": 1521256742
  },
  {
    "id": "0c7735ad-a428-437a-9952-ee6b78c8d875",
    "data": [
      {
        "text": "another one",
        "userDefined": false
      }
    ],
    "isTemplate": false,
    "count": 0,
    "updated": 1521223987
  },
  {
    "id": "1d3d9282-7d2b-4a56-a3cc-0e1397d78aad",
    "data": [
      {
        "text": "following result",
        "userDefined": false
      }
    ],
    "isTemplate": false,
    "count": 0,
    "updated": 1521223987
  },
  {
    "id": "8cb3b12c-d2e1-4118-9d59-01f773d7fc9a",
    "data": [
      {
        "text": "read the next results",
        "userDefined": false
      }
    ],
    "isTemplate": false,
    "count": 0,
    "updated": 1521223987
  },
  {
    "id": "f3e23e0e-a686-4107-934a-17d4c08bb8d7",
    "data": [
      {
        "text": "show me next",
        "userDefined": false
      }
    ],
    "isTemplate": false,
    "count": 0,
    "updated": 1521223987
  },
  {
    "id": "6e721cbf-4599-45b8-8eba-951a449ae632",
    "data": [
      {
        "text": "next",
        "userDefined": false
      }
    ],
    "isTemplate": false,
    "count": 0,
    "updated": 1521223987
  },
  {
    "id": "af5d487d-b39a-4bb0-a572-695de3486821",
    "data": [
      {
        "text": "show me the following results",
        "userDefined": false
      }
    ],
    "isTemplate": false,
    "count": 0,
    "updated": 1521223987
  }
]