[
  {
    "id": "0d22778b-742e-4d6e-bb34-07e6076d089a",
    "data": [
      {
        "text": "Tell me a review about this movie",
        "userDefined": false
      }
    ],
    "isTemplate": false,
    "count": 0,
    "updated": 1521273826
  },
  {
    "id": "9f72d9f9-0b26-4385-980e-337d62df7002",
    "data": [
      {
        "text": "Le me hear a review for this movie",
        "userDefined": false
      }
    ],
    "isTemplate": false,
    "count": 0,
    "updated": 1521256315
  },
  {
    "id": "3cd9d033-638f-4dd9-8486-d7f266347ccb",
    "data": [
      {
        "text": "Let me hear a review",
        "userDefined": false
      }
    ],
    "isTemplate": false,
    "count": 0,
    "updated": 1521256315
  },
  {
    "id": "d274f063-fc66-47bc-af7a-37eec656ccb7",
    "data": [
      {
        "text": "Give me a review for this movie",
        "userDefined": false
      }
    ],
    "isTemplate": false,
    "count": 0,
    "updated": 1521256315
  },
  {
    "id": "831b1754-d48f-4861-9ed4-bbf9cf6cea0f",
    "data": [
      {
        "text": "Give me a review",
        "userDefined": false
      }
    ],
    "isTemplate": false,
    "count": 0,
    "updated": 1521256315
  },
  {
    "id": "f1d20b31-8d70-4c75-b7c3-5a08c84d411d",
    "data": [
      {
        "text": "What about a ",
        "userDefined": false
      },
      {
        "text": "good",
        "alias": "review-attribute",
        "meta": "@review-attribute",
        "userDefined": true
      },
      {
        "text": " review?",
        "userDefined": false
      }
    ],
    "isTemplate": false,
    "count": 0,
    "updated": 1521243813
  },
  {
    "id": "4876b291-fdd1-40e2-8eb8-57f2645e445c",
    "data": [
      {
        "text": "Tell a ",
        "userDefined": false
      },
      {
        "text": "negative",
        "alias": "review-attribute",
        "meta": "@review-attribute",
        "userDefined": false
      },
      {
        "text": " review for it.",
        "userDefined": false
      }
    ],
    "isTemplate": false,
    "count": 0,
    "updated": 1521222924
  },
  {
    "id": "715f61b2-4f71-4091-bc62-24bc73381e2f",
    "data": [
      {
        "text": "I want to see a ",
        "userDefined": false
      },
      {
        "text": "positive",
        "alias": "review-attribute",
        "meta": "@review-attribute",
        "userDefined": false
      },
      {
        "text": " review for this.",
        "userDefined": false
      }
    ],
    "isTemplate": false,
    "count": 0,
    "updated": 1521222924
  },
  {
    "id": "622a0dcb-2e66-46cc-b75e-c46e58484118",
    "data": [
      {
        "text": "I want to see a ",
        "userDefined": false
      },
      {
        "text": "bad",
        "alias": "review-attribute",
        "meta": "@review-attribute",
        "userDefined": true
      },
      {
        "text": " review for this movie.",
        "userDefined": false
      }
    ],
    "isTemplate": false,
    "count": 0,
    "updated": 1521222924
  },
  {
    "id": "6bd0c76b-f0bc-43a4-81a8-82aec6e0e0c2",
    "data": [
      {
        "text": "I want to see reviews about this movie.",
        "userDefined": false
      }
    ],
    "isTemplate": false,
    "count": 0,
    "updated": 1521205785
  },
  {
    "id": "8c46c1fe-c82d-4c1c-bb64-e447915c0dfd",
    "data": [
      {
        "text": "What do people say about it?",
        "userDefined": false
      }
    ],
    "isTemplate": false,
    "count": 0,
    "updated": 1521205785
  },
  {
    "id": "4162af11-489a-4d3e-b569-5adabca66967",
    "data": [
      {
        "text": "What do people say about this movie?",
        "userDefined": false
      }
    ],
    "isTemplate": false,
    "count": 0,
    "updated": 1521205785
  },
  {
    "id": "1e599e42-b0a6-4196-b83a-3cae7614c20a",
    "data": [
      {
        "text": "What\u0027s the review for it?",
        "userDefined": false
      }
    ],
    "isTemplate": false,
    "count": 0,
    "updated": 1521205785
  }
]