[
  {
    "id": "36f70894-2fa5-45a7-a9f3-09e0ca801562",
    "data": [
      {
        "text": "Who are the directors?",
        "userDefined": false
      }
    ],
    "isTemplate": false,
    "count": 0,
    "updated": 1521262822
  },
  {
    "id": "c77b4a1a-a647-49ba-9741-04fe8377d4cb",
    "data": [
      {
        "text": "Tell me the directors",
        "userDefined": false
      }
    ],
    "isTemplate": false,
    "count": 0,
    "updated": 1521262822
  },
  {
    "id": "0be7d89c-9395-47fa-9475-7e30434b047a",
    "data": [
      {
        "text": "Who directed this movie?",
        "userDefined": false
      }
    ],
    "isTemplate": false,
    "count": 0,
    "updated": 1521262822
  },
  {
    "id": "34155475-e289-4cc8-b007-462a240c8063",
    "data": [
      {
        "text": "I want to know who is the director.",
        "userDefined": false
      }
    ],
    "isTemplate": false,
    "count": 0,
    "updated": 1521261538
  },
  {
    "id": "4015ff51-12c4-4544-81ca-c82ea9f11f96",
    "data": [
      {
        "text": "I want to know who are the directors for this movie.",
        "userDefined": false
      }
    ],
    "isTemplate": false,
    "count": 0,
    "updated": 1521261538
  },
  {
    "id": "508ffcde-0083-4084-9c37-5a12fa54246a",
    "data": [
      {
        "text": "What are the directors for this movie?",
        "userDefined": false
      }
    ],
    "isTemplate": false,
    "count": 0,
    "updated": 1521237804
  },
  {
    "id": "cd5ec936-0889-46c6-b179-87317d53838c",
    "data": [
      {
        "text": "Tell me the creators of this movie",
        "userDefined": false
      }
    ],
    "isTemplate": false,
    "count": 0,
    "updated": 1521237804
  },
  {
    "id": "f6721143-0a17-4356-94d6-52bcaf14eb91",
    "data": [
      {
        "text": "I want to know the directors.",
        "userDefined": false
      }
    ],
    "isTemplate": false,
    "count": 0,
    "updated": 1521237804
  }
]