[
  {
    "id": "359ff995-35b9-4f67-97df-9093266c54c0",
    "data": [
      {
        "text": "Who is in the cast of this?",
        "userDefined": false
      }
    ],
    "isTemplate": false,
    "count": 0,
    "updated": 1521259161
  },
  {
    "id": "7fd0f33f-c715-4efc-8884-b5f34da0edf7",
    "data": [
      {
        "text": "Who are the actors that play in this movie?",
        "userDefined": false
      }
    ],
    "isTemplate": false,
    "count": 0,
    "updated": 1521259161
  },
  {
    "id": "6e559444-a676-4ccb-b375-cecbace7a671",
    "data": [
      {
        "text": "Who are the actors that play in this?",
        "userDefined": false
      }
    ],
    "isTemplate": false,
    "count": 0,
    "updated": 1521259161
  },
  {
    "id": "3fc2a3bc-e214-4f39-b0e1-e48677d298eb",
    "data": [
      {
        "text": "Who are the actors of this?",
        "userDefined": false
      }
    ],
    "isTemplate": false,
    "count": 0,
    "updated": 1521259161
  },
  {
    "id": "3220ff98-4253-4b91-a34b-448833597f80",
    "data": [
      {
        "text": "Who are the actors of this movie?",
        "userDefined": false
      }
    ],
    "isTemplate": false,
    "count": 0,
    "updated": 1521259161
  },
  {
    "id": "630d32d0-6e62-421c-acac-694d6ab3a441",
    "data": [
      {
        "text": "Which actors play in this movie?",
        "userDefined": false
      }
    ],
    "isTemplate": false,
    "count": 0,
    "updated": 1521259161
  },
  {
    "id": "56c07997-ae57-48bb-8e0a-2e52fcf2f790",
    "data": [
      {
        "text": "Which actors play in this?",
        "userDefined": false
      }
    ],
    "isTemplate": false,
    "count": 0,
    "updated": 1521259161
  },
  {
    "id": "5e071047-53d6-45ae-8cb4-fd8f9f2c8818",
    "data": [
      {
        "text": "Who is in the cast of this movie?",
        "userDefined": false
      }
    ],
    "isTemplate": false,
    "count": 0,
    "updated": 1521259161
  },
  {
    "id": "19a6eef2-9280-4daa-bebd-74f98d39cee6",
    "data": [
      {
        "text": "Who is in the cast?",
        "userDefined": false
      }
    ],
    "isTemplate": false,
    "count": 0,
    "updated": 1521259161
  },
  {
    "id": "72cc64ba-d001-4fab-8ad3-4dd74de379cf",
    "data": [
      {
        "text": "Show me a list of actors",
        "userDefined": false
      }
    ],
    "isTemplate": false,
    "count": 0,
    "updated": 1521236970
  },
  {
    "id": "99d2ee97-0e75-4fdc-b8cd-a1a978f79a7b",
    "data": [
      {
        "text": "What actors are in this movie?",
        "userDefined": false
      }
    ],
    "isTemplate": false,
    "count": 0,
    "updated": 1521236970
  },
  {
    "id": "2c8d8f0c-5a92-4349-907b-5e2bb30feb46",
    "data": [
      {
        "text": "Tell me the cast of this movie",
        "userDefined": false
      }
    ],
    "isTemplate": false,
    "count": 0,
    "updated": 1521236970
  },
  {
    "id": "bd5d89ee-c7ea-4cf1-a261-0877038740b0",
    "data": [
      {
        "text": "Tell me the cast",
        "userDefined": false
      }
    ],
    "isTemplate": false,
    "count": 0,
    "updated": 1521236970
  }
]