[
  {
    "id": "54f7b717-c8d8-4731-9e59-937546adcac0",
    "data": [
      {
        "text": "Recommend me a movie",
        "userDefined": false
      }
    ],
    "isTemplate": false,
    "count": 0,
    "updated": 1521257673
  },
  {
    "id": "a1f9ad63-3c97-4337-b683-9d9797df2c57",
    "data": [
      {
        "text": "I want to see a ",
        "userDefined": false
      },
      {
        "text": "comedy",
        "alias": "movie-genre",
        "meta": "@genres",
        "userDefined": true
      },
      {
        "text": " movie",
        "userDefined": false
      }
    ],
    "isTemplate": false,
    "count": 0,
    "updated": 1521250770
  },
  {
    "id": "17884ad8-7f08-4e58-a8dc-2a60d9645a9e",
    "data": [
      {
        "text": "Tell me a ",
        "userDefined": false
      },
      {
        "text": "mystery",
        "alias": "movie-genre",
        "meta": "@genres",
        "userDefined": false
      },
      {
        "text": " movie",
        "userDefined": false
      }
    ],
    "isTemplate": false,
    "count": 0,
    "updated": 1521250585
  },
  {
    "id": "6d3d99d7-87e8-46c7-8164-0ee19653e669",
    "data": [
      {
        "text": "Tell me a ",
        "userDefined": false
      },
      {
        "text": "horror",
        "alias": "movie-genre",
        "meta": "@genres",
        "userDefined": true
      },
      {
        "text": " movie",
        "userDefined": false
      }
    ],
    "isTemplate": false,
    "count": 0,
    "updated": 1521250585
  },
  {
    "id": "bc24c9c0-b47d-4fbf-93a0-5ccb7ed73845",
    "data": [
      {
        "text": "Tell me an ",
        "userDefined": false
      },
      {
        "text": "action",
        "alias": "movie-genre",
        "meta": "@genres",
        "userDefined": true
      },
      {
        "text": " movie",
        "userDefined": false
      }
    ],
    "isTemplate": false,
    "count": 0,
    "updated": 1521250585
  },
  {
    "id": "057137f1-2144-4dfe-88ce-52cf8aa18d36",
    "data": [
      {
        "text": "Tell me a movie like ",
        "userDefined": false
      },
      {
        "text": "The Godfather",
        "alias": "movie-title",
        "meta": "@sys.any",
        "userDefined": true
      }
    ],
    "isTemplate": false,
    "count": 0,
    "updated": 1521250585
  },
  {
    "id": "fb3b333f-1990-4cb0-b024-c83c4e466f0a",
    "data": [
      {
        "text": "Can you recommend me a movie like ",
        "userDefined": false
      },
      {
        "text": "Titanic",
        "alias": "movie-title",
        "meta": "@sys.any",
        "userDefined": true
      }
    ],
    "isTemplate": false,
    "count": 0,
    "updated": 1521250585
  },
  {
    "id": "d1d4e160-0d49-48d6-bb80-8fc787439280",
    "data": [
      {
        "text": "More movies like ",
        "userDefined": false
      },
      {
        "text": "Superman",
        "alias": "movie-title",
        "meta": "@sys.any",
        "userDefined": true
      }
    ],
    "isTemplate": false,
    "count": 0,
    "updated": 1521250585
  },
  {
    "id": "e9d8ab5c-862b-4560-b55c-6dc982fa5f19",
    "data": [
      {
        "text": "I want to see a movie like ",
        "userDefined": false
      },
      {
        "text": "Deadpool",
        "alias": "movie-title",
        "meta": "@sys.any",
        "userDefined": true
      }
    ],
    "isTemplate": false,
    "count": 0,
    "updated": 1521250585
  },
  {
    "id": "ed646393-d0f9-4fd6-84ea-d3c620e42fd2",
    "data": [
      {
        "text": "Tell me a ",
        "userDefined": false
      },
      {
        "text": "romance",
        "alias": "movie-genre",
        "meta": "@genres",
        "userDefined": false
      },
      {
        "text": " movie",
        "userDefined": false
      }
    ],
    "isTemplate": false,
    "count": 0,
    "updated": 1521250585
  },
  {
    "id": "9dca38c3-4696-450c-b940-5842d6878518",
    "data": [
      {
        "text": "I want to see a movie with ",
        "userDefined": false
      },
      {
        "text": "superheroes",
        "alias": "movie-genre",
        "meta": "@genres",
        "userDefined": true
      }
    ],
    "isTemplate": false,
    "count": 0,
    "updated": 1521250585
  },
  {
    "id": "b58485de-2fb1-406f-9094-a572e69db372",
    "data": [
      {
        "text": "Can you recommend me an ",
        "userDefined": false
      },
      {
        "text": "action",
        "alias": "movie-genre",
        "meta": "@genres",
        "userDefined": true
      },
      {
        "text": " movie?",
        "userDefined": false
      }
    ],
    "isTemplate": false,
    "count": 0,
    "updated": 1521250585
  }
]