[
  {
    "id": "7ea203f3-1490-483d-b5a3-293385357972",
    "data": [
      {
        "text": "another one",
        "userDefined": false
      }
    ],
    "isTemplate": false,
    "count": 0,
    "updated": 1521224558
  },
  {
    "id": "a72c0689-da02-4f62-873e-9124025afaeb",
    "data": [
      {
        "text": "following result",
        "userDefined": false
      }
    ],
    "isTemplate": false,
    "count": 0,
    "updated": 1521224558
  },
  {
    "id": "53436b05-f4cd-43b1-bc69-3d6fda72bc56",
    "data": [
      {
        "text": "read the next results",
        "userDefined": false
      }
    ],
    "isTemplate": false,
    "count": 0,
    "updated": 1521224558
  },
  {
    "id": "7cc284f4-005b-4493-9852-09829824e16b",
    "data": [
      {
        "text": "switch to the next",
        "userDefined": false
      }
    ],
    "isTemplate": false,
    "count": 0,
    "updated": 1521224558
  },
  {
    "id": "6063b0c4-b8bc-475f-8785-f1dfd8707bd3",
    "data": [
      {
        "text": "show me next",
        "userDefined": false
      }
    ],
    "isTemplate": false,
    "count": 0,
    "updated": 1521224558
  },
  {
    "id": "67cd12c0-fe09-4a34-8ed4-938636d79bb5",
    "data": [
      {
        "text": "next",
        "userDefined": false
      }
    ],
    "isTemplate": false,
    "count": 0,
    "updated": 1521224558
  },
  {
    "id": "05773e6f-e568-4b77-841c-f3468cf828e7",
    "data": [
      {
        "text": "go forward",
        "userDefined": false
      }
    ],
    "isTemplate": false,
    "count": 0,
    "updated": 1521224558
  },
  {
    "id": "4e07a5ef-1eca-4676-93ab-530f2c7dd620",
    "data": [
      {
        "text": "show me the following results",
        "userDefined": false
      }
    ],
    "isTemplate": false,
    "count": 0,
    "updated": 1521224558
  }
]