[
  {
    "id": "1864ba35-8109-40e3-8a2d-b2e7f564abb3",
    "data": [
      {
        "text": "How is the movie ",
        "userDefined": false
      },
      {
        "text": "Bad boys",
        "alias": "movie-title",
        "meta": "@sys.any",
        "userDefined": true
      },
      {
        "text": " rated?",
        "userDefined": false
      }
    ],
    "isTemplate": false,
    "count": 0,
    "updated": 1521254455
  },
  {
    "id": "87c1515f-f21f-4da9-add7-e3521ad41c10",
    "data": [
      {
        "text": "What is the rating of the movie ",
        "userDefined": false
      },
      {
        "text": "Cars",
        "alias": "movie-title",
        "meta": "@sys.any",
        "userDefined": true
      },
      {
        "text": " on IMDB?",
        "userDefined": false
      }
    ],
    "isTemplate": false,
    "count": 0,
    "updated": 1521254455
  },
  {
    "id": "dc26314e-3c53-4ecd-a92f-0544d2cba5f7",
    "data": [
      {
        "text": "What is the rating of the movie ",
        "userDefined": false
      },
      {
        "text": "Superbad",
        "alias": "movie-title",
        "meta": "@sys.any",
        "userDefined": true
      },
      {
        "text": "?",
        "userDefined": false
      }
    ],
    "isTemplate": false,
    "count": 0,
    "updated": 1521254455
  },
  {
    "id": "b2a9849d-ff27-424c-8a20-e88a2be4f865",
    "data": [
      {
        "text": "Rating of the movie ",
        "userDefined": false
      },
      {
        "text": "Lord of the rings",
        "alias": "movie-title",
        "meta": "@sys.any",
        "userDefined": true
      }
    ],
    "isTemplate": false,
    "count": 0,
    "updated": 1521254455
  },
  {
    "id": "3a8f8ef8-bf1c-4ff9-ad4a-4b86a32fa865",
    "data": [
      {
        "text": "Tell me the rating for the movie ",
        "userDefined": false
      },
      {
        "text": "Thor",
        "alias": "movie-title",
        "meta": "@sys.any",
        "userDefined": true
      }
    ],
    "isTemplate": false,
    "count": 0,
    "updated": 1521254455
  },
  {
    "id": "25c0203d-b2c0-4c70-b011-84457440e732",
    "data": [
      {
        "text": "What is the rating of ",
        "userDefined": false
      },
      {
        "text": "Madagascar",
        "alias": "movie-title",
        "meta": "@sys.any",
        "userDefined": true
      },
      {
        "text": "?",
        "userDefined": false
      }
    ],
    "isTemplate": false,
    "count": 0,
    "updated": 1521254455
  },
  {
    "id": "a33fc8f3-32c2-4905-8870-79ff573f76a0",
    "data": [
      {
        "text": "Rating of ",
        "userDefined": false
      },
      {
        "text": "Black Panther",
        "alias": "movie-title",
        "meta": "@sys.any",
        "userDefined": true
      }
    ],
    "isTemplate": false,
    "count": 0,
    "updated": 1521236214
  },
  {
    "id": "f6f0f323-985f-41c5-a60e-52049e45ae9a",
    "data": [
      {
        "text": "How is ",
        "userDefined": false
      },
      {
        "text": "Titanic",
        "alias": "movie-title",
        "meta": "@sys.any",
        "userDefined": true
      },
      {
        "text": " rated?",
        "userDefined": false
      }
    ],
    "isTemplate": false,
    "count": 0,
    "updated": 1521236214
  },
  {
    "id": "a9947dcc-9f28-439c-add1-806e5a6b271d",
    "data": [
      {
        "text": "Tell me the rating of ",
        "userDefined": false
      },
      {
        "text": "Superman",
        "alias": "movie-title",
        "meta": "@sys.any",
        "userDefined": true
      }
    ],
    "isTemplate": false,
    "count": 0,
    "updated": 1521236214
  },
  {
    "id": "05364694-fcea-498a-938b-288c1a111a99",
    "data": [
      {
        "text": "What is the rating of ",
        "userDefined": false
      },
      {
        "text": "Deadpool",
        "alias": "movie-title",
        "meta": "@sys.any",
        "userDefined": true
      },
      {
        "text": " on IMDB?",
        "userDefined": false
      }
    ],
    "isTemplate": false,
    "count": 0,
    "updated": 1521236214
  }
]