[
  {
    "id": "ed4b7a8a-a21b-48df-b23d-4c7d9d3df818",
    "data": [
      {
        "text": "I want to hear a famous quote from this movie",
        "userDefined": false
      }
    ],
    "isTemplate": false,
    "count": 0,
    "updated": 1521255147
  },
  {
    "id": "61b414ca-37f5-438e-86f1-04fe057a339b",
    "data": [
      {
        "text": "I want to head a quote from this movie",
        "userDefined": false
      }
    ],
    "isTemplate": false,
    "count": 0,
    "updated": 1521255147
  },
  {
    "id": "181cb509-e29b-4dd1-836d-f77d11b2de8d",
    "data": [
      {
        "text": "I want to hear a line from this movie",
        "userDefined": false
      }
    ],
    "isTemplate": false,
    "count": 0,
    "updated": 1521255147
  },
  {
    "id": "2ebef0c6-3fd0-4d25-9573-72e7c1a313b1",
    "data": [
      {
        "text": "I want to hear a famous line from this movie",
        "userDefined": false
      }
    ],
    "isTemplate": false,
    "count": 0,
    "updated": 1521255147
  },
  {
    "id": "27d93d0d-ebcd-45c8-a719-8e60362cbb8f",
    "data": [
      {
        "text": "Tell me a famous quote from this movie",
        "userDefined": false
      }
    ],
    "isTemplate": false,
    "count": 0,
    "updated": 1521255147
  },
  {
    "id": "f5b0a2ac-d33a-4af2-a5bd-cb0a362a9e5f",
    "data": [
      {
        "text": "What is a famous quote from this movie?",
        "userDefined": false
      }
    ],
    "isTemplate": false,
    "count": 0,
    "updated": 1521255147
  },
  {
    "id": "17980886-51c8-4746-99bf-9d16bb87784e",
    "data": [
      {
        "text": "Tell me a quote from this movie.",
        "userDefined": false
      }
    ],
    "isTemplate": false,
    "count": 0,
    "updated": 1521207609
  },
  {
    "id": "8c1e8df8-70bd-46ad-bf37-a04267cc4708",
    "data": [
      {
        "text": "Tell me a line from it.",
        "userDefined": false
      }
    ],
    "isTemplate": false,
    "count": 0,
    "updated": 1521207609
  },
  {
    "id": "87c862d3-fc27-4aaa-abe4-156cb21ebc76",
    "data": [
      {
        "text": "What is a famous line from this movie?",
        "userDefined": false
      }
    ],
    "isTemplate": false,
    "count": 0,
    "updated": 1521207609
  }
]