[
  {
    "id": "61eeb93a-7c87-41c0-832a-eef10e0e127b",
    "data": [
      {
        "text": "What do you know about it?",
        "userDefined": false
      }
    ],
    "isTemplate": false,
    "count": 0,
    "updated": 1521262982
  },
  {
    "id": "b8f1ddd1-4522-48e2-a549-2b777a6584e4",
    "data": [
      {
        "text": "What do you know about this movie?",
        "userDefined": false
      }
    ],
    "isTemplate": false,
    "count": 0,
    "updated": 1521207329
  },
  {
    "id": "946b8396-878b-43ce-80d0-4bafc9f97031",
    "data": [
      {
        "text": "I want to know what happens in this movie",
        "userDefined": false
      }
    ],
    "isTemplate": false,
    "count": 0,
    "updated": 1521262982
  },
  {
    "id": "8812504f-a75b-4297-b124-795a1d2d34e6",
    "data": [
      {
        "text": "Make me a summary",
        "userDefined": false
      }
    ],
    "isTemplate": false,
    "count": 0,
    "updated": 1521262982
  },
  {
    "id": "ad31f092-5c38-4bde-93a7-686254b53f12",
    "data": [
      {
        "text": "I want to know the summary of this movie",
        "userDefined": false
      }
    ],
    "isTemplate": false,
    "count": 0,
    "updated": 1521262982
  },
  {
    "id": "36ddeca6-2156-4946-bf4c-b4ba54d91ac0",
    "data": [
      {
        "text": "What is this movie about?",
        "userDefined": false
      }
    ],
    "isTemplate": false,
    "count": 0,
    "updated": 1521262982
  },
  {
    "id": "cb3a55e3-7730-46af-9c47-e7809e653c32",
    "data": [
      {
        "text": "Describe this movie",
        "userDefined": false
      }
    ],
    "isTemplate": false,
    "count": 0,
    "updated": 1521262982
  },
  {
    "id": "39b70d07-8a8e-43c0-aaea-c6ffff274c4d",
    "data": [
      {
        "text": "I want to know more about this movie.",
        "userDefined": false
      }
    ],
    "isTemplate": false,
    "count": 0,
    "updated": 1521207329
  },
  {
    "id": "c05d2fc5-b4d1-4c58-9796-6a1337d8b1ab",
    "data": [
      {
        "text": "Tell me about it.",
        "userDefined": false
      }
    ],
    "isTemplate": false,
    "count": 1,
    "updated": 1521207329
  },
  {
    "id": "c979acf5-aece-4376-8d00-c633b57602a2",
    "data": [
      {
        "text": "What can you tell me about it?",
        "userDefined": false
      }
    ],
    "isTemplate": false,
    "count": 0,
    "updated": 1521207329
  },
  {
    "id": "2afa633c-caa0-476b-abcd-eca79821a9b2",
    "data": [
      {
        "text": "Give me some information about this movie.",
        "userDefined": false
      }
    ],
    "isTemplate": false,
    "count": 0,
    "updated": 1521207329
  }
]