[
  {
    "id": "31e56fe6-7602-4d65-bf36-c5fe580e2e8e",
    "data": [
      {
        "text": "Tell me something about ",
        "userDefined": false
      },
      {
        "text": "Deadpool",
        "alias": "movie-title",
        "meta": "@sys.any",
        "userDefined": true
      }
    ],
    "isTemplate": false,
    "count": 0,
    "updated": 1521272197
  },
  {
    "id": "56f96729-fe62-4ff3-b7a7-d119dfcb98af",
    "data": [
      {
        "text": "Describe the movie ",
        "userDefined": false
      },
      {
        "text": "Red sparrow",
        "alias": "movie-title",
        "meta": "@sys.any",
        "userDefined": true
      }
    ],
    "isTemplate": false,
    "count": 0,
    "updated": 1521255719
  },
  {
    "id": "305b5c93-3c70-44b7-a6e4-8c8e93827581",
    "data": [
      {
        "text": "Describe ",
        "userDefined": false
      },
      {
        "text": "The maze runner",
        "alias": "movie-title",
        "meta": "@sys.any",
        "userDefined": true
      }
    ],
    "isTemplate": false,
    "count": 0,
    "updated": 1521255719
  },
  {
    "id": "33a007aa-dabc-40e5-8daa-f3b31ca17365",
    "data": [
      {
        "text": "What is ",
        "userDefined": false
      },
      {
        "text": "Django unchained",
        "alias": "movie-title",
        "meta": "@sys.any",
        "userDefined": true
      },
      {
        "text": " about?",
        "userDefined": false
      }
    ],
    "isTemplate": false,
    "count": 0,
    "updated": 1521255719
  },
  {
    "id": "0fda9ead-9283-4f60-ba61-12d05e7a7084",
    "data": [
      {
        "text": "What is the movie ",
        "userDefined": false
      },
      {
        "text": "Trainspotting",
        "alias": "movie-title",
        "meta": "@sys.any",
        "userDefined": true
      },
      {
        "text": " about?",
        "userDefined": false
      }
    ],
    "isTemplate": false,
    "count": 0,
    "updated": 1521255719
  },
  {
    "id": "28d3adbb-48c2-4431-a939-a740e02d1879",
    "data": [
      {
        "text": "The summary of the movie ",
        "userDefined": false
      },
      {
        "text": "Riddick",
        "alias": "movie-title",
        "meta": "@sys.any",
        "userDefined": true
      }
    ],
    "isTemplate": false,
    "count": 0,
    "updated": 1521255719
  },
  {
    "id": "88bccc53-64a8-4aa2-88c5-346b1411e743",
    "data": [
      {
        "text": "Tell me the plot for the movie ",
        "userDefined": false
      },
      {
        "text": "The revenant",
        "alias": "movie-title",
        "meta": "@sys.any",
        "userDefined": true
      }
    ],
    "isTemplate": false,
    "count": 0,
    "updated": 1521255719
  },
  {
    "id": "5779904e-a993-4ba8-a782-0633558ddc45",
    "data": [
      {
        "text": "The plot for the movie ",
        "userDefined": false
      },
      {
        "text": "Star Wars",
        "alias": "movie-title",
        "meta": "@sys.any",
        "userDefined": true
      }
    ],
    "isTemplate": false,
    "count": 0,
    "updated": 1521255719
  },
  {
    "id": "cc1acac4-14e2-4a51-a821-38a7d9a64da9",
    "data": [
      {
        "text": "Give me some information about the movie ",
        "userDefined": false
      },
      {
        "text": "No country for old men",
        "alias": "movie-title",
        "meta": "@sys.any",
        "userDefined": true
      }
    ],
    "isTemplate": false,
    "count": 0,
    "updated": 1521255719
  },
  {
    "id": "4f3dcfa8-187e-48dd-a633-3d2b170e6589",
    "data": [
      {
        "text": "What can you tell me about the movie ",
        "userDefined": false
      },
      {
        "text": "Troy",
        "alias": "movie-title",
        "meta": "@sys.any",
        "userDefined": true
      },
      {
        "text": "?",
        "userDefined": false
      }
    ],
    "isTemplate": false,
    "count": 0,
    "updated": 1521255719
  },
  {
    "id": "e6374517-aa5f-4069-a2bf-ebf41e206d38",
    "data": [
      {
        "text": "What do you know about the movie ",
        "userDefined": false
      },
      {
        "text": "Glory",
        "alias": "movie-title",
        "meta": "@sys.any",
        "userDefined": true
      },
      {
        "text": "?",
        "userDefined": false
      }
    ],
    "isTemplate": false,
    "count": 0,
    "updated": 1521255719
  },
  {
    "id": "01c8eae5-7a77-44b7-a755-269cbb7d4186",
    "data": [
      {
        "text": "Tell me about the movie ",
        "userDefined": false
      },
      {
        "text": "Interstellar",
        "alias": "movie-title",
        "meta": "@sys.any",
        "userDefined": true
      }
    ],
    "isTemplate": false,
    "count": 0,
    "updated": 1521255719
  },
  {
    "id": "f1f7c04e-ba70-4573-9bda-e9ca7ae6bbc6",
    "data": [
      {
        "text": "I want to know what happens in ",
        "userDefined": false
      },
      {
        "text": "Star Trek",
        "alias": "movie-title",
        "meta": "@sys.any",
        "userDefined": true
      }
    ],
    "isTemplate": false,
    "count": 0,
    "updated": 1521255719
  },
  {
    "id": "91c4d2ce-bb30-438b-b642-8d44746a6580",
    "data": [
      {
        "text": "I want to know what happens in the movie ",
        "userDefined": false
      },
      {
        "text": "Speed",
        "alias": "movie-title",
        "meta": "@sys.any",
        "userDefined": true
      }
    ],
    "isTemplate": false,
    "count": 0,
    "updated": 1521255719
  },
  {
    "id": "84838a60-60fc-4a66-baf3-44f1aceebeed",
    "data": [
      {
        "text": "The summary of ",
        "userDefined": false
      },
      {
        "text": "Harry Potter",
        "alias": "movie-title",
        "meta": "@sys.any",
        "userDefined": true
      }
    ],
    "isTemplate": false,
    "count": 0,
    "updated": 1521255719
  },
  {
    "id": "8fb13784-1d7c-4d57-9bda-98bbebf19fe8",
    "data": [
      {
        "text": "The plot for ",
        "userDefined": false
      },
      {
        "text": "Cars",
        "alias": "movie-title",
        "meta": "@sys.any",
        "userDefined": true
      }
    ],
    "isTemplate": false,
    "count": 0,
    "updated": 1521255719
  },
  {
    "id": "6e3d2eca-e4a7-4a6c-8c7f-e2354b9c219b",
    "data": [
      {
        "text": "Tell me more about ",
        "userDefined": false
      },
      {
        "text": "Spiderman",
        "alias": "movie-title",
        "meta": "@sys.any",
        "userDefined": true
      }
    ],
    "isTemplate": false,
    "count": 0,
    "updated": 1521220610
  },
  {
    "id": "a5c63f3a-f137-482d-9449-3b7e11d92e33",
    "data": [
      {
        "text": "Give me some information about ",
        "userDefined": false
      },
      {
        "text": "American Pie",
        "alias": "movie-title",
        "meta": "@sys.any",
        "userDefined": true
      }
    ],
    "isTemplate": false,
    "count": 0,
    "updated": 1521209345
  },
  {
    "id": "a0542884-5456-4b58-b0df-0665d1a24bd4",
    "data": [
      {
        "text": "What can you tell me about ",
        "userDefined": false
      },
      {
        "text": "Toy Story",
        "alias": "movie-title",
        "meta": "@sys.any",
        "userDefined": true
      }
    ],
    "isTemplate": false,
    "count": 0,
    "updated": 1521209345
  },
  {
    "id": "07f68e6a-d439-47e1-a106-d4eeb1b83656",
    "data": [
      {
        "text": "What do you know about ",
        "userDefined": false
      },
      {
        "text": "The Dark Knight",
        "alias": "movie-title",
        "meta": "@sys.any",
        "userDefined": true
      }
    ],
    "isTemplate": false,
    "count": 0,
    "updated": 1521209345
  },
  {
    "id": "3ee59daf-072e-44f7-bca2-95e49a985a3b",
    "data": [
      {
        "text": "Tell me about ",
        "userDefined": false
      },
      {
        "text": "Superman",
        "alias": "movie-title",
        "meta": "@sys.any",
        "userDefined": true
      }
    ],
    "isTemplate": false,
    "count": 0,
    "updated": 1521209345
  },
  {
    "id": "0fd481e8-58f9-4c54-a3e3-7ace6da4cd55",
    "data": [
      {
        "text": "I want to know more about ",
        "userDefined": false
      },
      {
        "text": "Vikings",
        "alias": "movie-title",
        "meta": "@sys.any",
        "userDefined": true
      }
    ],
    "isTemplate": false,
    "count": 0,
    "updated": 1521209345
  }
]