[
  {
    "id": "8cce49ac-ca55-4293-9f2d-2bcf78064db9",
    "data": [
      {
        "text": "What is the release date for this movie?",
        "userDefined": false
      }
    ],
    "isTemplate": false,
    "count": 0,
    "updated": 1521256061
  },
  {
    "id": "277284e4-c603-4ec5-93ac-73811aa30083",
    "data": [
      {
        "text": "What is the release date?",
        "userDefined": false
      }
    ],
    "isTemplate": false,
    "count": 0,
    "updated": 1521256061
  },
  {
    "id": "6c329354-d966-4f47-a0a6-87364a0a099e",
    "data": [
      {
        "text": "Tell me the release date of the movie",
        "userDefined": false
      }
    ],
    "isTemplate": false,
    "count": 0,
    "updated": 1521243682
  },
  {
    "id": "165f46a5-08cb-4507-ada3-95e14fff1dcc",
    "data": [
      {
        "text": "Tell me the apparition date",
        "userDefined": false
      }
    ],
    "isTemplate": false,
    "count": 0,
    "updated": 1521243682
  },
  {
    "id": "0e2b88cd-f1fb-4135-b081-34d82ef266e7",
    "data": [
      {
        "text": "Apparition date",
        "userDefined": false
      }
    ],
    "isTemplate": false,
    "count": 0,
    "updated": 1521243682
  },
  {
    "id": "5e92d623-d8cf-4fcd-9eb0-9863789d69e0",
    "data": [
      {
        "text": "Tell me ",
        "userDefined": false
      },
      {
        "text": "the year",
        "meta": "@sys.ignore",
        "userDefined": false
      },
      {
        "text": " when the movie appeared",
        "userDefined": false
      }
    ],
    "isTemplate": false,
    "count": 0,
    "updated": 1521243682
  },
  {
    "id": "2793c3bc-ae29-4d80-8822-28b51fcba2c4",
    "data": [
      {
        "text": "What about ",
        "userDefined": false
      },
      {
        "text": "the year",
        "meta": "@sys.ignore",
        "userDefined": false
      },
      {
        "text": " when the movie appeared?",
        "userDefined": false
      }
    ],
    "isTemplate": false,
    "count": 0,
    "updated": 1521243682
  },
  {
    "id": "72b17100-7766-40e0-b6ef-6b956d0ff528",
    "data": [
      {
        "text": "How about the release date?",
        "userDefined": false
      }
    ],
    "isTemplate": false,
    "count": 0,
    "updated": 1521243682
  },
  {
    "id": "fb96c5f7-34d8-4329-9491-67da3b95c806",
    "data": [
      {
        "text": "What about the release date?",
        "userDefined": false
      }
    ],
    "isTemplate": false,
    "count": 0,
    "updated": 1521243682
  },
  {
    "id": "f1e546b6-3dcd-4f7a-9b28-065e488a182e",
    "data": [
      {
        "text": "When did this movie appear?",
        "userDefined": false
      }
    ],
    "isTemplate": false,
    "count": 0,
    "updated": 1521236332
  },
  {
    "id": "2f40db49-bafe-49eb-9a13-a21a72d9568f",
    "data": [
      {
        "text": "Year when it was released",
        "userDefined": false
      }
    ],
    "isTemplate": false,
    "count": 0,
    "updated": 1521236332
  },
  {
    "id": "f22f50fe-23fb-42e7-b87f-aa3c890808b7",
    "data": [
      {
        "text": "Release date",
        "userDefined": false
      }
    ],
    "isTemplate": false,
    "count": 0,
    "updated": 1521236332
  },
  {
    "id": "54716b81-0d9a-47ef-95ea-9af522ef2915",
    "data": [
      {
        "text": "Tell me the release date.",
        "userDefined": false
      }
    ],
    "isTemplate": false,
    "count": 0,
    "updated": 1521236332
  },
  {
    "id": "5eeb6d2f-101b-4202-83ce-a5ec346d3fa8",
    "data": [
      {
        "text": "I want to know the release date of this movie.",
        "userDefined": false
      }
    ],
    "isTemplate": false,
    "count": 0,
    "updated": 1521236332
  }
]