[
  {
    "id": "931d7c45-cc5e-40c5-a057-f3ca8c72b85d",
    "data": [
      {
        "text": "How about the raring for this movie?",
        "userDefined": false
      }
    ],
    "isTemplate": false,
    "count": 0,
    "updated": 1521257042
  },
  {
    "id": "534dd6c9-83a3-4db6-945b-9f8ae46118aa",
    "data": [
      {
        "text": "Tell me the rating of this movie",
        "userDefined": false
      }
    ],
    "isTemplate": false,
    "count": 0,
    "updated": 1521257042
  },
  {
    "id": "ed5fc2e8-45fb-4f6c-aa3f-278143fa0e33",
    "data": [
      {
        "text": "What is the rating of this movie?",
        "userDefined": false
      }
    ],
    "isTemplate": false,
    "count": 0,
    "updated": 1521236660
  },
  {
    "id": "64e8e4a8-595d-42ca-807e-77cd85e8d24b",
    "data": [
      {
        "text": "I want to know the rating of this movie",
        "userDefined": false
      }
    ],
    "isTemplate": false,
    "count": 0,
    "updated": 1521257042
  },
  {
    "id": "c04f41c2-e774-4989-afd5-a9c0192d3c28",
    "data": [
      {
        "text": "I want to know the rating",
        "userDefined": false
      }
    ],
    "isTemplate": false,
    "count": 0,
    "updated": 1521257042
  },
  {
    "id": "75b75b2c-55d8-4c82-9ded-9c5318adadaa",
    "data": [
      {
        "text": "How about the rating?",
        "userDefined": false
      }
    ],
    "isTemplate": false,
    "count": 0,
    "updated": 1521237489
  },
  {
    "id": "0feeee89-6177-4db3-84df-4bb0895f3d30",
    "data": [
      {
        "text": "What about the rating?",
        "userDefined": false
      }
    ],
    "isTemplate": false,
    "count": 0,
    "updated": 1521237489
  },
  {
    "id": "5a83aa45-d612-4cb1-a6e6-938afcac7d60",
    "data": [
      {
        "text": "What is the rating?",
        "userDefined": false
      }
    ],
    "isTemplate": false,
    "count": 1,
    "updated": 1521236660
  },
  {
    "id": "6aad1af5-86b0-48c9-aa4c-9321db7a255b",
    "data": [
      {
        "text": "Tell me the rating",
        "userDefined": false
      }
    ],
    "isTemplate": false,
    "count": 0,
    "updated": 1521236660
  },
  {
    "id": "378a921a-5beb-49a9-ad0f-96c164f1e64e",
    "data": [
      {
        "text": "Rating of this movie",
        "userDefined": false
      }
    ],
    "isTemplate": false,
    "count": 0,
    "updated": 1521236660
  },
  {
    "id": "715560cb-937b-44f1-ac37-841f8e55b96e",
    "data": [
      {
        "text": "Rating of this movie on IMDB",
        "userDefined": false
      }
    ],
    "isTemplate": false,
    "count": 0,
    "updated": 1521236660
  }
]