[
  {
    "id": "30667113-572f-4b64-b71b-bf5a76fc8e9d",
    "data": [
      {
        "text": "another one",
        "userDefined": false
      }
    ],
    "isTemplate": false,
    "count": 0,
    "updated": 1521224791
  },
  {
    "id": "c63fa14d-2996-446d-9dfc-14d632116ae7",
    "data": [
      {
        "text": "following result",
        "userDefined": false
      }
    ],
    "isTemplate": false,
    "count": 0,
    "updated": 1521224791
  },
  {
    "id": "3b8c97a3-f002-4852-9f0f-d11419206063",
    "data": [
      {
        "text": "read the next results",
        "userDefined": false
      }
    ],
    "isTemplate": false,
    "count": 0,
    "updated": 1521224791
  },
  {
    "id": "a2fa5ff9-ad66-4d55-8ab8-298f66d1aa1b",
    "data": [
      {
        "text": "switch to the next",
        "userDefined": false
      }
    ],
    "isTemplate": false,
    "count": 0,
    "updated": 1521224791
  },
  {
    "id": "754eb8ca-5cf8-4c11-a510-f8fb9f851224",
    "data": [
      {
        "text": "show me next",
        "userDefined": false
      }
    ],
    "isTemplate": false,
    "count": 0,
    "updated": 1521224791
  },
  {
    "id": "8d2045b1-6d48-4230-925c-ed4b98dc190b",
    "data": [
      {
        "text": "next",
        "userDefined": false
      }
    ],
    "isTemplate": false,
    "count": 0,
    "updated": 1521224791
  },
  {
    "id": "72fecd9e-6eae-4996-ad6c-6cc884a5110a",
    "data": [
      {
        "text": "go forward",
        "userDefined": false
      }
    ],
    "isTemplate": false,
    "count": 0,
    "updated": 1521224791
  },
  {
    "id": "2a79b24a-1535-44cc-87a4-da1ea36034a1",
    "data": [
      {
        "text": "show me the following results",
        "userDefined": false
      }
    ],
    "isTemplate": false,
    "count": 0,
    "updated": 1521224791
  }
]